<?xml version='1.0' encoding='UTF-8'?>  
<!DOCTYPE hibernate-configuration PUBLIC  
          "-//Hibernate/Hibernate Configuration DTD 3.0//EN"  
          "http://hibernate.sourceforge.net/hibernate-configuration-3.0.dtd"> 
          
<hibernate-configuration>

  
    <session-factory>  
 
        <property name="connection.url">jdbc:mysql://localhost:3306/practise</property>  
        <property name="connection.username">root</property>  
        <property name="connection.password">Sandeep45@</property>  
        <property name="connection.driver_class">com.mysql.jdbc.Driver</property>  
        <mapping resource="logindetails.hbm.xml"/>   
        <mapping resource="flightsandbooking.hbm.xml"/>
    </session-factory>  
    

</hibernate-configuration>